北纬4047.533,东经11141.856,速率:012.2节,地面航向:253.6度,UTC时间:01时32分38秒,UTC日期:10日05月17年,GPS状态:1,卫星数量:05个,海拔高度:1108米,
北纬4047.532,东经11141.852,速率:011.3节,地面航向:254.3度,UTC时间:01时32分39秒,UTC日期:10日05月17年,GPS状态:1,卫星数量:05个,海拔高度:1106米,
北纬4047.532,东经11141.852,速率:011.3节,地面航向:254.3度,UTC时间:01时32分39秒,UTC日期:10日05月17年,GPS状态:1,卫星数量:05个,海拔高度:1106米,
北纬4047.557,东经11141.837,速率:012.3节,地面航向:252.0度,UTC时间:01时32分41秒,UTC日期:10日05月17年,GPS状态:1,卫星数量:06个,海拔高度:1181米,
北纬4047.563,东经11141.830,速率:012.2节,地面航向:255.4度,UTC时间:01时32分42秒,UTC日期:10日05月17年,GPS状态:1,卫星数量:06个,海拔高度:1199米,
北纬4047.561,东经11141.826,速率:014.2节,地面航向:257.0度,UTC时间:01时32分43秒,UTC日期:10日05月17年,GPS状态:1,卫星数量:06个,海拔高度:1195米,
北纬4047.560,东经11141.821,速率:014.5节,地面航向:258.9度,UTC时间:01时32分44秒,UTC日期:10日05月17年,GPS状态:1,卫星数量:06个,海拔高度:1194米,
北纬4047.559,东经11141.815,速率:014.7节,地面航向:260.2度,UTC时间:01时32分45秒,UTC日期:10日05月17年,GPS状态:1,卫星数量:06个,海拔高度:1192米,
北纬4047.560,东经11141.810,速率:014.6节,地面航向:259.4度,UTC时间:01时32分46秒,UTC日期:10日05月17年,GPS状态:1,卫星数量:06个,海拔高度:1194米,
北纬4047.558,东经11141.806,速率:013.9节,地面航向:252.7度,UTC时间:01时32分47秒,UTC日期:10日05月17年,GPS状态:1,卫星数量:06个,海拔高度:1195米,
北纬4047.558,东经11141.800,速率:014.7节,地面航向:257.7度,UTC时间:01时32分48秒,UTC日期:10日05月17年,GPS状态:1,卫星数量:06个,海拔高度:1196米,
北纬4047.555,东经11141.796,速率:014.9节,地面航向:259.9度,UTC时间:01时32分49秒,UTC日期:10日05月17年,GPS状态:1,卫星数量:07个,海拔高度:1184米,
北纬4047.551,东经11141.791,速率:014.5节,地面航向:258.7度,UTC时间:01时32分50秒,UTC日期:10日05月17年,GPS状态:1,卫星数量:07个,海拔高度:1174米,
北纬4047.549,东经11141.787,速率:012.9节,地面航向:254.0度,UTC时间:01时32分51秒,UTC日期:10日05月17年,GPS状态:1,卫星数量:07个,海拔高度:1167米,
北纬4047.547,东经11141.783,速率:011.1节,地面航向:254.8度,UTC时间:01时32分52秒,UTC日期:10日05月17年,GPS状态:1,卫星数量:08个,海拔高度:1162米,
北纬4047.548,东经11141.779,速率:010.7节,地面航向:259.7度,UTC时间:01时32分53秒,UTC日期:10日05月17年,GPS状态:1,卫星数量:08个,海拔高度:1159米,
北纬4047.547,东经11141.776,速率:009.6节,地面航向:273.7度,UTC时间:01时32分54秒,UTC日期:10日05月17年,GPS状态:1,卫星数量:08个,海拔高度:1151米,
北纬4047.547,东经11141.771,速率:009.3节,地面航向:298.6度,UTC时间:01时32分55秒,UTC日期:10日05月17年,GPS状态:1,卫星数量:08个,海拔高度:1147米,
北纬4047.549,东经11141.769,速率:011.0节,地面航向:327.2度,UTC时间:01时32分56秒,UTC日期:10日05月17年,GPS状态:1,卫星数量:08个,海拔高度:1147米,
北纬4047.552,东经11141.767,速率:013.1节,地面航向:338.5度,UTC时间:01时32分57秒,UTC日期:10日05月17年,GPS状态:1,卫星数量:08个,海拔高度:1147米,
北纬4047.556,东经11141.766,速率:016.3节,地面航向:341.1度,UTC时间:01时32分58秒,UTC日期:10日05月17年,GPS状态:1,卫星数量:08个,海拔高度:1146米,
北纬4047.560,东经11141.764,速率:018.5节,地面航向:340.4度,UTC时间:01时32分59秒,UTC日期:10日05月17年,GPS状态:1,卫星数量:08个,海拔高度:1145米,
北纬4047.565,东经11141.762,速率:020.1节,地面航向:339.9度,UTC时间:01时33分00秒,UTC日期:10日05月17年,GPS状态:1,卫星数量:08个,海拔高度:1144米,
北纬4047.571,东经11141.759,速率:022.2节,地面航向:339.6度,UTC时间:01时33分01秒,UTC日期:10日05月17年,GPS状态:1,卫星数量:08个,海拔高度:1144米,
北纬4047.577,东经11141.757,速率:022.7节,地面航向:339.2度,UTC时间:01时33分02秒,UTC日期:10日05月17年,GPS状态:1,卫星数量:08个,海拔高度:1143米,
北纬4047.583,东经11141.754,速率:023.3节,地面航向:338.7度,UTC时间:01时33分03秒,UTC日期:10日05月17年,GPS状态:1,卫星数量:08个,海拔高度:1142米,
北纬4047.589,东经11141.751,速率:022.5节,地面航向:339.4度,UTC时间:01时33分04秒,UTC日期:10日05月17年,GPS状态:1,卫星数量:08个,海拔高度:1142米,
北纬4047.595,东经11141.748,速率:022.2节,地面航向:339.1度,UTC时间:01时33分05秒,UTC日期:10日05月17年,GPS状态:1,卫星数量:08个,海拔高度:1142米,
北纬4047.601,东经11141.746,速率:021.9节,地面航向:339.9度,UTC时间:01时33分06秒,UTC日期:10日05月17年,GPS状态:1,卫星数量:08个,海拔高度:1142米,
北纬4047.607,东经11141.743,速率:021.4节,地面航向:340.3度,UTC时间:01时33分07秒,UTC日期:10日05月17年,GPS状态:1,卫星数量:08个,海拔高度:1142米,
北纬4047.613,东经11141.741,速率:020.6节,地面航向:341.2度,UTC时间:01时33分08秒,UTC日期:10日05月17年,GPS状态:1,卫星数量:08个,海拔高度:1141米,
北纬4047.618,东经11141.738,速率:018.8节,地面航向:342.0度,UTC时间:01时33分09秒,UTC日期:10日05月17年,GPS状态:1,卫星数量:08个,海拔高度:1142米,
北纬4047.623,东经11141.737,速率:016.5节,地面航向:342.1度,UTC时间:01时33分10秒,UTC日期:10日05月17年,GPS状态:1,卫星数量:08个,海拔高度:1141米,
北纬4047.627,东经11141.735,速率:014.8节,地面航向:342.6度,UTC时间:01时33分11秒,UTC日期:10日05月17年,GPS状态:1,卫星数量:09个,海拔高度:1140米,
北纬4047.631,东经11141.734,速率:013.2节,地面航向:342.9度,UTC时间:01时33分12秒,UTC日期:10日05月17年,GPS状态:1,卫星数量:09个,海拔高度:1140米,
北纬4047.634,东经11141.733,速率:011.6节,地面航向:343.2度,UTC时间:01时33分13秒,UTC日期:10日05月17年,GPS状态:1,卫星数量:09个,海拔高度:1139米,
北纬4047.637,东经11141.732,速率:009.7节,地面航向:343.4度,UTC时间:01时33分14秒,UTC日期:10日05月17年,GPS状态:1,卫星数量:09个,海拔高度:1139米,
北纬4047.639,东经11141.731,速率:008.0节,地面航向:343.5度,UTC时间:01时33分15秒,UTC日期:10日05月17年,GPS状态:1,卫星数量:10个,海拔高度:1139米,
北纬4047.641,东经11141.730,速率:007.1节,地面航向:343.4度,UTC时间:01时33分16秒,UTC日期:10日05月17年,GPS状态:1,卫星数量:08个,海拔高度:1140米,
北纬4047.643,东经11141.730,速率:007.0节,地面航向:343.3度,UTC时间:01时33分17秒,UTC日期:10日05月17年,GPS状态:1,卫星数量:08个,海拔高度:1139米,
北纬4047.645,东经11141.729,速率:006.7节,地面航向:343.0度,UTC时间:01时33分18秒,UTC日期:10日05月17年,GPS状态:1,卫星数量:08个,海拔高度:1139米,
北纬4047.646,东经11141.728,速率:005.6节,地面航向:343.0度,UTC时间:01时33分19秒,UTC日期:10日05月17年,GPS状态:1,卫星数量:08个,海拔高度:1138米,
北纬4047.647,东经11141.728,速率:003.9节,地面航向:338.0度,UTC时间:01时33分20秒,UTC日期:10日05月17年,GPS状态:1,卫星数量:08个,海拔高度:1137米,
北纬4047.648,东经11141.727,速率:002.4节,地面航向:338.0度,UTC时间:01时33分21秒,UTC日期:10日05月17年,GPS状态:1,卫星数量:08个,海拔高度:1137米,
北纬4047.648,东经11141.727,速率:001.4节,地面航向:338.0度,UTC时间:01时33分22秒,UTC日期:10日05月17年,GPS状态:1,卫星数量:08个,海拔高度:1136米,
北纬4047.648,东经11141.727,速率:000.9节,地面航向:338.0度,UTC时间:01时33分23秒,UTC日期:10日05月17年,GPS状态:1,卫星数量:09个,海拔高度:1135米,
北纬4047.648,东经11141.727,速率:000.9节,地面航向:338.0度,UTC时间:01时33分24秒,UTC日期:10日05月17年,GPS状态:1,卫星数量:09个,海拔高度:1135米,
北纬4047.617,东经11141.721,速率:001.1节,地面航向:338.0度,UTC时间:01时33分25秒,UTC日期:10日05月17年,GPS状态:1,卫星数量:10个,海拔高度:1132米,
北纬4047.617,东经11141.720,速率:001.1节,地面航向:338.0度,UTC时间:01时33分26秒,UTC日期:10日05月17年,GPS状态:1,卫星数量:09个,海拔高度:1128米,
北纬4047.617,东经11141.721,速率:001.0节,地面航向:338.0度,UTC时间:01时33分27秒,UTC日期:10日05月17年,GPS状态:1,卫星数量:09个,海拔高度:1122米,
北纬4047.618,东经11141.722,速率:001.3节,地面航向:338.0度,UTC时间:01时33分28秒,UTC日期:10日05月17年,GPS状态:1,卫星数量:09个,海拔高度:1119米,
北纬4047.618,东经11141.722,速率:001.5节,地面航向:338.0度,UTC时间:01时33分29秒,UTC日期:10日05月17年,GPS状态:1,卫星数量:09个,海拔高度:1115米,
北纬4047.618,东经11141.723,速率:000.0节,地面航向:338.0度,UTC时间:01时33分30秒,UTC日期:10日05月17年,GPS状态:1,卫星数量:09个,海拔高度:1113米,
北纬4047.617,东经11141.726,速率:000.0节,地面航向:338.0度,UTC时间:01时33分31秒,UTC日期:10日05月17年,GPS状态:1,卫星数量:10个,海拔高度:1101米,
北纬4047.616,东经11141.728,速率:000.0节,地面航向:338.0度,UTC时间:01时33分32秒,UTC日期:10日05月17年,GPS状态:1,卫星数量:10个,海拔高度:1092米,
北纬4047.617,东经11141.734,速率:000.0节,地面航向:338.0度,UTC时间:01时33分33秒,UTC日期:10日05月17年,GPS状态:1,卫星数量:10个,海拔高度:1071米,
北纬4047.617,东经11141.736,速率:000.0节,地面航向:338.0度,UTC时间:01时33分34秒,UTC日期:10日05月17年,GPS状态:1,卫星数量:10个,海拔高度:1063米,
北纬4047.617,东经11141.736,速率:000.1节,地面航向:338.0度,UTC时间:01时33分35秒,UTC日期:10日05月17年,GPS状态:1,卫星数量:10个,海拔高度:1062米,
北纬4047.618,东经11141.736,速率:000.2节,地面航向:338.0度,UTC时间:01时33分36秒,UTC日期:10日05月17年,GPS状态:1,卫星数量:10个,海拔高度:1061米,
北纬4047.618,东经11141.736,速率:000.3节,地面航向:338.0度,UTC时间:01时33分37秒,UTC日期:10日05月17年,GPS状态:1,卫星数量:10个,海拔高度:1060米,
北纬4047.619,东经11141.735,速率:000.3节,地面航向:338.0度,UTC时间:01时33分38秒,UTC日期:10日05月17年,GPS状态:1,卫星数量:10个,海拔高度:1060米,
北纬4047.620,东经11141.735,速率:000.1节,地面航向:338.0度,UTC时间:01时33分39秒,UTC日期:10日05月17年,GPS状态:1,卫星数量:10个,海拔高度:1059米,
北纬4047.620,东经11141.735,速率:000.0节,地面航向:338.0度,UTC时间:01时33分40秒,UTC日期:10日05月17年,GPS状态:1,卫星数量:09个,海拔高度:1058米,
北纬4047.621,东经11141.735,速率:000.0节,地面航向:338.0度,UTC时间:01时33分41秒,UTC日期:10日05月17年,GPS状态:1,卫星数量:09个,海拔高度:1058米,
北纬4047.621,东经11141.735,速率:000.0节,地面航向:338.0度,UTC时间:01时33分42秒,UTC日期:10日05月17年,GPS状态:1,卫星数量:09个,海拔高度:1058米,
北纬4047.621,东经11141.735,速率:000.0节,地面航向:338.0度,UTC时间:01时33分43秒,UTC日期:10日05月17年,GPS状态:1,卫星数量:09个,海拔高度:1058米,
北纬4047.621,东经11141.735,速率:000.0节,地面航向:338.0度,UTC时间:01时33分44秒,UTC日期:10日05月17年,GPS状态:1,卫星数量:09个,海拔高度:1058米,
北纬4047.621,东经11141.735,速率:000.0节,地面航向:338.0度,UTC时间:01时33分45秒,UTC日期:10日05月17年,GPS状态:1,卫星数量:09个,海拔高度:1058米,
北纬4047.621,东经11141.735,速率:000.0节,地面航向:338.0度,UTC时间:01时33分46秒,UTC日期:10日05月17年,GPS状态:1,卫星数量:09个,海拔高度:1058米,
北纬4047.621,东经11141.735,速率:000.0节,地面航向:338.0度,UTC时间:01时33分47秒,UTC日期:10日05月17年,GPS状态:1,卫星数量:09个,海拔高度:1058米,
北纬4047.621,东经11141.735,速率:000.0节,地面航向:338.0度,UTC时间:01时33分48秒,UTC日期:10日05月17年,GPS状态:1,卫星数量:09个,海拔高度:1058米,
北纬4047.621,东经11141.735,速率:000.0节,地面航向:338.0度,UTC时间:01时33分49秒,UTC日期:10日05月17年,GPS状态:1,卫星数量:09个,海拔高度:1058米,
北纬4047.621,东经11141.735,速率:000.0节,地面航向:338.0度,UTC时间:01时33分50秒,UTC日期:10日05月17年,GPS状态:1,卫星数量:09个,海拔高度:1058米,
北纬4047.621,东经11141.735,速率:000.0节,地面航向:338.0度,UTC时间:01时33分51秒,UTC日期:10日05月17年,GPS状态:1,卫星数量:09个,海拔高度:1058米,
北纬4047.621,东经11141.735,速率:000.0节,地面航向:338.0度,UTC时间:01时33分52秒,UTC日期:10日05月17年,GPS状态:1,卫星数量:09个,海拔高度:1058米,
北纬4047.621,东经11141.735,速率:000.0节,地面航向:338.0度,UTC时间:01时33分53秒,UTC日期:10日05月17年,GPS状态:1,卫星数量:09个,海拔高度:1058米,
北纬4047.621,东经11141.735,速率:000.0节,地面航向:338.0度,UTC时间:01时33分54秒,UTC日期:10日05月17年,GPS状态:1,卫星数量:09个,海拔高度:1058米,
北纬4047.621,东经11141.735,速率:000.0节,地面航向:338.0度,UTC时间:01时33分55秒,UTC日期:10日05月17年,GPS状态:1,卫星数量:09个,海拔高度:1058米,
北纬4047.621,东经11141.735,速率:000.0节,地面航向:338.0度,UTC时间:01时33分56秒,UTC日期:10日05月17年,GPS状态:1,卫星数量:09个,海拔高度:1058米,
北纬4047.621,东经11141.735,速率:000.0节,地面航向:338.0度,UTC时间:01时33分57秒,UTC日期:10日05月17年,GPS状态:1,卫星数量:10个,海拔高度:1058米,
北纬4047.621,东经11141.735,速率:000.0节,地面航向:338.0度,UTC时间:01时33分58秒,UTC日期:10日05月17年,GPS状态:1,卫星数量:10个,海拔高度:1058米,
北纬4047.621,东经11141.735,速率:000.0节,地面航向:338.0度,UTC时间:01时33分59秒,UTC日期:10日05月17年,GPS状态:1,卫星数量:10个,海拔高度:1058米,
北纬4047.621,东经11141.735,速率:000.0节,地面航向:338.0度,UTC时间:01时34分00秒,UTC日期:10日05月17年,GPS状态:1,卫星数量:10个,海拔高度:1058米,
北纬4047.621,东经11141.735,速率:000.0节,地面航向:338.0度,UTC时间:01时34分01秒,UTC日期:10日05月17年,GPS状态:1,卫星数量:09个,海拔高度:1058米,
北纬4047.621,东经11141.735,速率:000.0节,地面航向:338.0度,UTC时间:01时34分02秒,UTC日期:10日05月17年,GPS状态:1,卫星数量:09个,海拔高度:1058米,
北纬4047.621,东经11141.735,速率:000.0节,地面航向:338.0度,UTC时间:01时34分03秒,UTC日期:10日05月17年,GPS状态:1,卫星数量:09个,海拔高度:1058米,
北纬4047.621,东经11141.735,速率:000.0节,地面航向:338.0度,UTC时间:01时34分04秒,UTC日期:10日05月17年,GPS状态:1,卫星数量:09个,海拔高度:1058米,
北纬4047.621,东经11141.735,速率:000.0节,地面航向:338.0度,UTC时间:01时34分05秒,UTC日期:10日05月17年,GPS状态:1,卫星数量:09个,海拔高度:1058米,
北纬4047.621,东经11141.735,速率:000.0节,地面航向:338.0度,UTC时间:01时34分06秒,UTC日期:10日05月17年,GPS状态:1,卫星数量:09个,海拔高度:1058米,
北纬4047.621,东经11141.735,速率:000.0节,地面航向:338.0度,UTC时间:01时34分07秒,UTC日期:10日05月17年,GPS状态:1,卫星数量:09个,海拔高度:1058米,
北纬4047.621,东经11141.735,速率:000.0节,地面航向:338.0度,UTC时间:01时34分08秒,UTC日期:10日05月17年,GPS状态:1,卫星数量:09个,海拔高度:1058米,
北纬4047.622,东经11141.734,速率:000.6节,地面航向:338.0度,UTC时间:01时34分09秒,UTC日期:10日05月17年,GPS状态:1,卫星数量:09个,海拔高度:1058米,
北纬4047.622,东经11141.734,速率:000.8节,地面航向:338.0度,UTC时间:01时34分10秒,UTC日期:10日05月17年,GPS状态:1,卫星数量:09个,海拔高度:1058米,
北纬4047.623,东经11141.734,速率:001.0节,地面航向:338.0度,UTC时间:01时34分11秒,UTC日期:10日05月17年,GPS状态:1,卫星数量:10个,海拔高度:1058米,
北纬4047.623,东经11141.734,速率:001.3节,地面航向:338.0度,UTC时间:01时34分12秒,UTC日期:10日05月17年,GPS状态:1,卫星数量:10个,海拔高度:1058米,
北纬4047.623,东经11141.734,速率:001.7节,地面航向:338.0度,UTC时间:01时34分13秒,UTC日期:10日05月17年,GPS状态:1,卫星数量:10个,海拔高度:1058米,
北纬4047.624,东经11141.734,速率:002.3节,地面航向:338.0度,UTC时间:01时34分14秒,UTC日期:10日05月17年,GPS状态:1,卫星数量:10个,海拔高度:1058米,
北纬4047.624,东经11141.733,速率:003.1节,地面航向:339.1度,UTC时间:01时34分15秒,UTC日期:10日05月17年,GPS状态:1,卫星数量:10个,海拔高度:1058米,
北纬4047.626,东经11141.733,速率:001.5节,地面航向:340.7度,UTC时间:01时34分16秒,UTC日期:10日05月17年,GPS状态:1,卫星数量:10个,海拔高度:1058米,
北纬4047.626,东经11141.733,速率:000.0节,地面航向:340.7度,UTC时间:01时34分17秒,UTC日期:10日05月17年,GPS状态:1,卫星数量:10个,海拔高度:1058米,
北纬4047.627,东经11141.733,速率:000.0节,地面航向:340.7度,UTC时间:01时34分18秒,UTC日期:10日05月17年,GPS状态:1,卫星数量:10个,海拔高度:1058米,
北纬4047.627,东经11141.733,速率:000.0节,地面航向:340.7度,UTC时间:01时34分19秒,UTC日期:10日05月17年,GPS状态:1,卫星数量:10个,海拔高度:1058米,
北纬4047.627,东经11141.733,速率:000.0节,地面航向:340.7度,UTC时间:01时34分20秒,UTC日期:10日05月17年,GPS状态:1,卫星数量:09个,海拔高度:1058米,
北纬4047.627,东经11141.733,速率:000.0节,地面航向:340.7度,UTC时间:01时34分21秒,UTC日期:10日05月17年,GPS状态:1,卫星数量:09个,海拔高度:1058米,
北纬4047.627,东经11141.733,速率:000.0节,地面航向:340.7度,UTC时间:01时34分22秒,UTC日期:10日05月17年,GPS状态:1,卫星数量:09个,海拔高度:1058米,
北纬4047.627,东经11141.733,速率:000.0节,地面航向:340.7度,UTC时间:01时34分23秒,UTC日期:10日05月17年,GPS状态:1,卫星数量:08个,海拔高度:1058米,
北纬4047.627,东经11141.733,速率:000.0节,地面航向:340.7度,UTC时间:01时34分24秒,UTC日期:10日05月17年,GPS状态:1,卫星数量:10个,海拔高度:1058米,
北纬4047.627,东经11141.733,速率:000.0节,地面航向:340.7度,UTC时间:01时34分25秒,UTC日期:10日05月17年,GPS状态:1,卫星数量:09个,海拔高度:1058米,
北纬4047.627,东经11141.733,速率:000.0节,地面航向:340.7度,UTC时间:01时34分26秒,UTC日期:10日05月17年,GPS状态:1,卫星数量:09个,海拔高度:1058米,
北纬4047.627,东经11141.733,速率:000.0节,地面航向:340.7度,UTC时间:01时34分27秒,UTC日期:10日05月17年,GPS状态:1,卫星数量:09个,海拔高度:1058米,
北纬4047.627,东经11141.733,速率:000.0节,地面航向:340.7度,UTC时间:01时34分28秒,UTC日期:10日05月17年,GPS状态:1,卫星数量:10个,海拔高度:1058米,
北纬4047.627,东经11141.733,速率:000.0节,地面航向:340.7度,UTC时间:01时34分29秒,UTC日期:10日05月17年,GPS状态:1,卫星数量:10个,海拔高度:1058米,
北纬4047.627,东经11141.733,速率:000.0节,地面航向:340.7度,UTC时间:01时34分30秒,UTC日期:10日05月17年,GPS状态:1,卫星数量:10个,海拔高度:1058米,
北纬4047.627,东经11141.733,速率:000.0节,地面航向:340.7度,UTC时间:01时34分31秒,UTC日期:10日05月17年,GPS状态:1,卫星数量:10个,海拔高度:1058米,
北纬4047.627,东经11141.733,速率:000.0节,地面航向:340.7度,UTC时间:01时34分32秒,UTC日期:10日05月17年,GPS状态:1,卫星数量:10个,海拔高度:1058米,
北纬4047.627,东经11141.733,速率:000.0节,地面航向:340.7度,UTC时间:01时34分33秒,UTC日期:10日05月17年,GPS状态:1,卫星数量:10个,海拔高度:1058米,
北纬4047.627,东经11141.733,速率:000.0节,地面航向:340.7度,UTC时间:01时34分34秒,UTC日期:10日05月17年,GPS状态:1,卫星数量:10个,海拔高度:1058米,
北纬4047.627,东经11141.733,速率:000.0节,地面航向:340.7度,UTC时间:01时34分35秒,UTC日期:10日05月17年,GPS状态:1,卫星数量:10个,海拔高度:1058米,
北纬4047.627,东经11141.733,速率:000.0节,地面航向:340.7度,UTC时间:01时34分36秒,UTC日期:10日05月17年,GPS状态:1,卫星数量:10个,海拔高度:1058米,
北纬4047.627,东经11141.733,速率:000.4节,地面航向:340.7度,UTC时间:01时34分37秒,UTC日期:10日05月17年,GPS状态:1,卫星数量:10个,海拔高度:1058米,
北纬4047.627,东经11141.733,速率:000.4节,地面航向:340.7度,UTC时间:01时34分38秒,UTC日期:10日05月17年,GPS状态:1,卫星数量:10个,海拔高度:1058米,
北纬4047.627,东经11141.733,速率:000.4节,地面航向:340.7度,UTC时间:01时34分39秒,UTC日期:10日05月17年,GPS状态:1,卫星数量:10个,海拔高度:1058米,
北纬4047.627,东经11141.733,速率:000.6节,地面航向:337.5度,UTC时间:01时34分40秒,UTC日期:10日05月17年,GPS状态:1,卫星数量:10个,海拔高度:1058米,
北纬4047.627,东经11141.733,速率:000.6节,地面航向:349.7度,UTC时间:01时34分41秒,UTC日期:10日05月17年,GPS状态:1,卫星数量:10个,海拔高度:1057米,
北纬4047.627,东经11141.733,速率:000.9节,地面航向:348.5度,UTC时间:01时34分42秒,UTC日期:10日05月17年,GPS状态:1,卫星数量:10个,海拔高度:1057米,
北纬4047.627,东经11141.733,速率:000.9节,地面航向:347.2度,UTC时间:01时34分43秒,UTC日期:10日05月17年,GPS状态:1,卫星数量:10个,海拔高度:1057米,
北纬4047.628,东经11141.732,速率:001.1节,地面航向:348.9度,UTC时间:01时34分44秒,UTC日期:10日05月17年,GPS状态:1,卫星数量:10个,海拔高度:1058米,
北纬4047.628,东经11141.732,速率:001.5节,地面航向:340.0度,UTC时间:01时34分45秒,UTC日期:10日05月17年,GPS状态:1,卫星数量:10个,海拔高度:1057米,
北纬4047.628,东经11141.732,速率:001.9节,地面航向:341.0度,UTC时间:01时34分46秒,UTC日期:10日05月17年,GPS状态:1,卫星数量:10个,海拔高度:1057米,
北纬4047.629,东经11141.731,速率:002.5节,地面航向:341.4度,UTC时间:01时34分47秒,UTC日期:10日05月17年,GPS状态:1,卫星数量:09个,海拔高度:1057米,
北纬4047.630,东经11141.731,速率:004.1节,地面航向:339.1度,UTC时间:01时34分48秒,UTC日期:10日05月17年,GPS状态:1,卫星数量:09个,海拔高度:1057米,
北纬4047.631,东经11141.729,速率:005.1节,地面航向:337.8度,UTC时间:01时34分49秒,UTC日期:10日05月17年,GPS状态:1,卫星数量:09个,海拔高度:1057米,
北纬4047.633,东经11141.729,速率:007.0节,地面航向:337.0度,UTC时间:01时34分50秒,UTC日期:10日05月17年,GPS状态:1,卫星数量:09个,海拔高度:1057米,
北纬4047.635,东经11141.727,速率:007.4节,地面航向:336.4度,UTC时间:01时34分51秒,UTC日期:10日05月17年,GPS状态:1,卫星数量:09个,海拔高度:1058米,
北纬4047.637,东经11141.726,速率:008.8节,地面航向:335.9度,UTC时间:01时34分52秒,UTC日期:10日05月17年,GPS状态:1,卫星数量:09个,海拔高度:1058米,
北纬4047.640,东经11141.724,速率:009.7节,地面航向:335.1度,UTC时间:01时34分53秒,UTC日期:10日05月17年,GPS状态:1,卫星数量:09个,海拔高度:1058米,
北纬4047.642,东经11141.722,速率:009.1节,地面航向:334.8度,UTC时间:01时34分54秒,UTC日期:10日05月17年,GPS状态:1,卫星数量:09个,海拔高度:1058米,
北纬4047.645,东经11141.721,速率:008.4节,地面航向:335.7度,UTC时间:01时34分55秒,UTC日期:10日05月17年,GPS状态:1,卫星数量:09个,海拔高度:1058米,
北纬4047.647,东经11141.720,速率:009.3节,地面航向:337.2度,UTC时间:01时34分56秒,UTC日期:10日05月17年,GPS状态:1,卫星数量:09个,海拔高度:1058米,
北纬4047.649,东经11141.719,速率:008.8节,地面航向:338.4度,UTC时间:01时34分57秒,UTC日期:10日05月17年,GPS状态:1,卫星数量:09个,海拔高度:1058米,
北纬4047.651,东经11141.718,速率:008.5节,地面航向:340.7度,UTC时间:01时34分58秒,UTC日期:10日05月17年,GPS状态:1,卫星数量:09个,海拔高度:1058米,
北纬4047.654,东经11141.717,速率:010.0节,地面航向:343.2度,UTC时间:01时34分59秒,UTC日期:10日05月17年,GPS状态:1,卫星数量:10个,海拔高度:1058米,
北纬4047.657,东经11141.716,速率:011.9节,地面航向:345.1度,UTC时间:01时35分00秒,UTC日期:10日05月17年,GPS状态:1,卫星数量:10个,海拔高度:1058米,
北纬4047.660,东经11141.715,速率:012.3节,地面航向:345.6度,UTC时间:01时35分01秒,UTC日期:10日05月17年,GPS状态:1,卫星数量:10个,海拔高度:1057米,
北纬4047.664,东经11141.714,速率:012.0节,地面航向:346.5度,UTC时间:01时35分02秒,UTC日期:10日05月17年,GPS状态:1,卫星数量:10个,海拔高度:1057米,
北纬4047.667,东经11141.713,速率:012.9节,地面航向:345.5度,UTC时间:01时35分03秒,UTC日期:10日05月17年,GPS状态:1,卫星数量:10个,海拔高度:1057米,
北纬4047.670,东经11141.711,速率:012.3节,地面航向:343.8度,UTC时间:01时35分04秒,UTC日期:10日05月17年,GPS状态:1,卫星数量:09个,海拔高度:1058米,
北纬4047.674,东经11141.709,速率:012.4节,地面航向:342.7度,UTC时间:01时35分05秒,UTC日期:10日05月17年,GPS状态:1,卫星数量:10个,海拔高度:1057米,
北纬4047.677,东经11141.708,速率:012.1节,地面航向:342.1度,UTC时间:01时35分06秒,UTC日期:10日05月17年,GPS状态:1,卫星数量:09个,海拔高度:1057米,
北纬4047.680,东经11141.707,速率:011.8节,地面航向:341.1度,UTC时间:01时35分07秒,UTC日期:10日05月17年,GPS状态:1,卫星数量:09个,海拔高度:1057米,
北纬4047.683,东经11141.705,速率:011.3节,地面航向:340.8度,UTC时间:01时35分08秒,UTC日期:10日05月17年,GPS状态:1,卫星数量:09个,海拔高度:1057米,
北纬4047.686,东经11141.704,速率:009.5节,地面航向:341.0度,UTC时间:01时35分09秒,UTC日期:10日05月17年,GPS状态:1,卫星数量:09个,海拔高度:1057米,
北纬4047.688,东经11141.704,速率:008.9节,地面航向:340.9度,UTC时间:01时35分10秒,UTC日期:10日05月17年,GPS状态:1,卫星数量:09个,海拔高度:1058米,
北纬4047.690,东经11141.703,速率:009.0节,地面航向:341.5度,UTC时间:01时35分11秒,UTC日期:10日05月17年,GPS状态:1,卫星数量:09个,海拔高度:1058米,
北纬4047.693,东经11141.702,速率:009.4节,地面航向:342.1度,UTC时间:01时35分12秒,UTC日期:10日05月17年,GPS状态:1,卫星数量:09个,海拔高度:1057米,
北纬4047.695,东经11141.701,速率:008.3节,地面航向:343.1度,UTC时间:01时35分13秒,UTC日期:10日05月17年,GPS状态:1,卫星数量:09个,海拔高度:1057米,
北纬4047.697,东经11141.701,速率:006.0节,地面航向:342.0度,UTC时间:01时35分14秒,UTC日期:10日05月17年,GPS状态:1,卫星数量:09个,海拔高度:1057米,
北纬4047.699,东经11141.700,速率:005.3节,地面航向:341.7度,UTC时间:01时35分15秒,UTC日期:10日05月17年,GPS状态:1,卫星数量:09个,海拔高度:1057米,
北纬4047.700,东经11141.700,速率:004.9节,地面航向:343.9度,UTC时间:01时35分16秒,UTC日期:10日05月17年,GPS状态:1,卫星数量:09个,海拔高度:1056米,
北纬4047.701,东经11141.699,速率:002.4节,地面航向:343.9度,UTC时间:01时35分17秒,UTC日期:10日05月17年,GPS状态:1,卫星数量:09个,海拔高度:1056米,
北纬4047.702,东经11141.700,速率:002.0节,地面航向:343.9度,UTC时间:01时35分18秒,UTC日期:10日05月17年,GPS状态:1,卫星数量:09个,海拔高度:1056米,
北纬4047.702,东经11141.700,速率:002.3节,地面航向:343.9度,UTC时间:01时35分19秒,UTC日期:10日05月17年,GPS状态:1,卫星数量:09个,海拔高度:1057米,
北纬4047.703,东经11141.701,速率:003.1节,地面航向:333.9度,UTC时间:01时35分20秒,UTC日期:10日05月17年,GPS状态:1,卫星数量:09个,海拔高度:1057米,
北纬4047.704,东经11141.700,速率:005.7节,地面航向:334.5度,UTC时间:01时35分21秒,UTC日期:10日05月17年,GPS状态:1,卫星数量:08个,海拔高度:1057米,
北纬4047.706,东经11141.700,速率:009.4节,地面航向:335.5度,UTC时间:01时35分22秒,UTC日期:10日05月17年,GPS状态:1,卫星数量:08个,海拔高度:1057米,
北纬4047.710,东经11141.699,速率:013.1节,地面航向:336.1度,UTC时间:01时35分23秒,UTC日期:10日05月17年,GPS状态:1,卫星数量:08个,海拔高度:1057米,
北纬4047.713,东经11141.698,速率:013.1节,地面航向:336.7度,UTC时间:01时35分24秒,UTC日期:10日05月17年,GPS状态:1,卫星数量:08个,海拔高度:1057米,
北纬4047.716,东经11141.697,速率:009.2节,地面航向:339.7度,UTC时间:01时35分25秒,UTC日期:10日05月17年,GPS状态:1,卫星数量:08个,海拔高度:1057米,
北纬4047.718,东经11141.696,速率:004.5节,地面航向:347.2度,UTC时间:01时35分26秒,UTC日期:10日05月17年,GPS状态:1,卫星数量:08个,海拔高度:1057米,
北纬4047.719,东经11141.696,速率:000.0节,地面航向:347.2度,UTC时间:01时35分27秒,UTC日期:10日05月17年,GPS状态:1,卫星数量:08个,海拔高度:1057米,
北纬4047.719,东经11141.696,速率:000.0节,地面航向:347.2度,UTC时间:01时35分28秒,UTC日期:10日05月17年,GPS状态:1,卫星数量:08个,海拔高度:1057米,
北纬4047.719,东经11141.695,速率:000.0节,地面航向:347.2度,UTC时间:01时35分29秒,UTC日期:10日05月17年,GPS状态:1,卫星数量:08个,海拔高度:1057米,
北纬4047.719,东经11141.695,速率:000.0节,地面航向:347.2度,UTC时间:01时35分30秒,UTC日期:10日05月17年,GPS状态:1,卫星数量:07个,海拔高度:1057米,
北纬4047.719,东经11141.695,速率:000.0节,地面航向:347.2度,UTC时间:01时35分31秒,UTC日期:10日05月17年,GPS状态:1,卫星数量:08个,海拔高度:1057米,
北纬4047.719,东经11141.695,速率:000.0节,地面航向:347.2度,UTC时间:01时35分32秒,UTC日期:10日05月17年,GPS状态:1,卫星数量:08个,海拔高度:1057米,
北纬4047.719,东经11141.695,速率:000.0节,地面航向:347.2度,UTC时间:01时35分33秒,UTC日期:10日05月17年,GPS状态:1,卫星数量:08个,海拔高度:1057米,
北纬4047.719,东经11141.695,速率:000.0节,地面航向:347.2度,UTC时间:01时35分34秒,UTC日期:10日05月17年,GPS状态:1,卫星数量:08个,海拔高度:1057米,
北纬4047.719,东经11141.695,速率:000.0节,地面航向:347.2度,UTC时间:01时35分35秒,UTC日期:10日05月17年,GPS状态:1,卫星数量:07个,海拔高度:1057米,
北纬4047.719,东经11141.695,速率:000.0节,地面航向:347.2度,UTC时间:01时35分36秒,UTC日期:10日05月17年,GPS状态:1,卫星数量:07个,海拔高度:1057米,
北纬4047.719,东经11141.695,速率:000.0节,地面航向:347.2度,UTC时间:01时35分37秒,UTC日期:10日05月17年,GPS状态:1,卫星数量:07个,海拔高度:1057米,
北纬4047.719,东经11141.695,速率:000.0节,地面航向:347.2度,UTC时间:01时35分38秒,UTC日期:10日05月17年,GPS状态:1,卫星数量:07个,海拔高度:1057米,
北纬4047.719,东经11141.695,速率:000.0节,地面航向:347.2度,UTC时间:01时35分39秒,UTC日期:10日05月17年,GPS状态:1,卫星数量:07个,海拔高度:1057米,
北纬4047.719,东经11141.695,速率:000.0节,地面航向:347.2度,UTC时间:01时35分40秒,UTC日期:10日05月17年,GPS状态:1,卫星数量:07个,海拔高度:1057米,
北纬4047.719,东经11141.695,速率:000.0节,地面航向:347.2度,UTC时间:01时35分41秒,UTC日期:10日05月17年,GPS状态:2,卫星数量:07个,海拔高度:1057米,
北纬4047.719,东经11141.695,速率:000.0节,地面航向:347.2度,UTC时间:01时35分42秒,UTC日期:10日05月17年,GPS状态:2,卫星数量:07个,海拔高度:1057米,
北纬4047.719,东经11141.695,速率:000.0节,地面航向:347.2度,UTC时间:01时35分43秒,UTC日期:10日05月17年,GPS状态:2,卫星数量:07个,海拔高度:1057米,
北纬4047.719,东经11141.695,速率:000.0节,地面航向:347.2度,UTC时间:01时35分44秒,UTC日期:10日05月17年,GPS状态:2,卫星数量:07个,海拔高度:1057米,
北纬4047.719,东经11141.695,速率:000.0节,地面航向:347.2度,UTC时间:01时35分45秒,UTC日期:10日05月17年,GPS状态:2,卫星数量:07个,海拔高度:1057米,
北纬4047.719,东经11141.695,速率:000.0节,地面航向:347.2度,UTC时间:01时35分46秒,UTC日期:10日05月17年,GPS状态:2,卫星数量:07个,海拔高度:1057米,
北纬4047.719,东经11141.695,速率:000.0节,地面航向:347.2度,UTC时间:01时35分47秒,UTC日期:10日05月17年,GPS状态:2,卫星数量:07个,海拔高度:1057米,
北纬4047.719,东经11141.695,速率:000.0节,地面航向:347.2度,UTC时间:01时35分48秒,UTC日期:10日05月17年,GPS状态:2,卫星数量:07个,海拔高度:1057米,
北纬4047.719,东经11141.695,速率:000.0节,地面航向:347.2度,UTC时间:01时35分49秒,UTC日期:10日05月17年,GPS状态:2,卫星数量:07个,海拔高度:1057米,
北纬4047.719,东经11141.695,速率:000.0节,地面航向:347.2度,UTC时间:01时35分50秒,UTC日期:10日05月17年,GPS状态:2,卫星数量:07个,海拔高度:1057米,
北纬4047.719,东经11141.695,速率:000.0节,地面航向:347.2度,UTC时间:01时35分51秒,UTC日期:10日05月17年,GPS状态:2,卫星数量:07个,海拔高度:1057米,
北纬4047.719,东经11141.695,速率:000.0节,地面航向:347.2度,UTC时间:01时35分52秒,UTC日期:10日05月17年,GPS状态:2,卫星数量:07个,海拔高度:1057米,
北纬4047.719,东经11141.695,速率:000.0节,地面航向:347.2度,UTC时间:01时35分53秒,UTC日期:10日05月17年,GPS状态:2,卫星数量:07个,海拔高度:1057米,
北纬4047.719,东经11141.695,速率:000.0节,地面航向:347.2度,UTC时间:01时35分54秒,UTC日期:10日05月17年,GPS状态:2,卫星数量:08个,海拔高度:1057米,
北纬4047.719,东经11141.695,速率:000.0节,地面航向:347.2度,UTC时间:01时35分55秒,UTC日期:10日05月17年,GPS状态:2,卫星数量:08个,海拔高度:1057米,
北纬4047.719,东经11141.695,速率:000.0节,地面航向:347.2度,UTC时间:01时35分56秒,UTC日期:10日05月17年,GPS状态:2,卫星数量:08个,海拔高度:1057米,
北纬4047.719,东经11141.695,速率:000.0节,地面航向:347.2度,UTC时间:01时35分57秒,UTC日期:10日05月17年,GPS状态:2,卫星数量:08个,海拔高度:1057米,
北纬4047.719,东经11141.695,速率:000.0节,地面航向:347.2度,UTC时间:01时35分58秒,UTC日期:10日05月17年,GPS状态:2,卫星数量:08个,海拔高度:1057米,
北纬4047.719,东经11141.695,速率:000.0节,地面航向:347.2度,UTC时间:01时35分59秒,UTC日期:10日05月17年,GPS状态:2,卫星数量:08个,海拔高度:1057米,
北纬4047.719,东经11141.695,速率:000.0节,地面航向:347.2度,UTC时间:01时36分00秒,UTC日期:10日05月17年,GPS状态:2,卫星数量:09个,海拔高度:1057米,
北纬4047.719,东经11141.695,速率:000.0节,地面航向:347.2度,UTC时间:01时36分01秒,UTC日期:10日05月17年,GPS状态:2,卫星数量:09个,海拔高度:1057米,
北纬4047.719,东经11141.695,速率:000.0节,地面航向:347.2度,UTC时间:01时36分02秒,UTC日期:10日05月17年,GPS状态:2,卫星数量:09个,海拔高度:1057米,
北纬4047.719,东经11141.695,速率:000.0节,地面航向:347.2度,UTC时间:01时36分03秒,UTC日期:10日05月17年,GPS状态:2,卫星数量:08个,海拔高度:1057米,
北纬4047.719,东经11141.695,速率:000.0节,地面航向:347.2度,UTC时间:01时36分04秒,UTC日期:10日05月17年,GPS状态:2,卫星数量:08个,海拔高度:1057米,
北纬4047.719,东经11141.695,速率:000.0节,地面航向:347.2度,UTC时间:01时36分05秒,UTC日期:10日05月17年,GPS状态:2,卫星数量:08个,海拔高度:1057米,
北纬4047.719,东经11141.695,速率:000.0节,地面航向:347.2度,UTC时间:01时36分06秒,UTC日期:10日05月17年,GPS状态:2,卫星数量:08个,海拔高度:1057米,
北纬4047.719,东经11141.695,速率:000.0节,地面航向:347.2度,UTC时间:01时36分07秒,UTC日期:10日05月17年,GPS状态:2,卫星数量:08个,海拔高度:1057米,
北纬4047.719,东经11141.695,速率:000.0节,地面航向:347.2度,UTC时间:01时36分08秒,UTC日期:10日05月17年,GPS状态:2,卫星数量:08个,海拔高度:1057米,
北纬4047.719,东经11141.695,速率:000.0节,地面航向:347.2度,UTC时间:01时36分09秒,UTC日期:10日05月17年,GPS状态:2,卫星数量:08个,海拔高度:1057米,
北纬4047.719,东经11141.695,速率:000.0节,地面航向:347.2度,UTC时间:01时36分10秒,UTC日期:10日05月17年,GPS状态:2,卫星数量:08个,海拔高度:1057米,
北纬4047.719,东经11141.695,速率:000.0节,地面航向:347.2度,UTC时间:01时36分11秒,UTC日期:10日05月17年,GPS状态:2,卫星数量:08个,海拔高度:1057米,
北纬4047.719,东经11141.695,速率:000.0节,地面航向:347.2度,UTC时间:01时36分12秒,UTC日期:10日05月17年,GPS状态:2,卫星数量:08个,海拔高度:1057米,
北纬4047.719,东经11141.695,速率:000.0节,地面航向:347.2度,UTC时间:01时36分13秒,UTC日期:10日05月17年,GPS状态:2,卫星数量:08个,海拔高度:1057米,
北纬4047.719,东经11141.695,速率:000.0节,地面航向:347.2度,UTC时间:01时36分14秒,UTC日期:10日05月17年,GPS状态:2,卫星数量:08个,海拔高度:1057米,
北纬4047.719,东经11141.695,速率:000.0节,地面航向:347.2度,UTC时间:01时36分15秒,UTC日期:10日05月17年,GPS状态:2,卫星数量:08个,海拔高度:1057米,
北纬4047.719,东经11141.695,速率:000.0节,地面航向:347.2度,UTC时间:01时36分16秒,UTC日期:10日05月17年,GPS状态:2,卫星数量:08个,海拔高度:1057米,
北纬4047.719,东经11141.695,速率:000.0节,地面航向:347.2度,UTC时间:01时36分17秒,UTC日期:10日05月17年,GPS状态:2,卫星数量:08个,海拔高度:1057米,
北纬4047.719,东经11141.695,速率:000.0节,地面航向:347.2度,UTC时间:01时36分18秒,UTC日期:10日05月17年,GPS状态:2,卫星数量:08个,海拔高度:1057米,
北纬4047.719,东经11141.695,速率:000.0节,地面航向:347.2度,UTC时间:01时36分19秒,UTC日期:10日05月17年,GPS状态:2,卫星数量:08个,海拔高度:1057米,
北纬4047.719,东经11141.695,速率:000.0节,地面航向:347.2度,UTC时间:01时36分20秒,UTC日期:10日05月17年,GPS状态:2,卫星数量:08个,海拔高度:1057米,
北纬4047.719,东经11141.695,速率:000.0节,地面航向:347.2度,UTC时间:01时36分21秒,UTC日期:10日05月17年,GPS状态:2,卫星数量:08个,海拔高度:1057米,
北纬4047.719,东经11141.695,速率:000.0节,地面航向:347.2度,UTC时间:01时36分22秒,UTC日期:10日05月17年,GPS状态:2,卫星数量:08个,海拔高度:1057米,
北纬4047.719,东经11141.695,速率:000.0节,地面航向:347.2度,UTC时间:01时36分23秒,UTC日期:10日05月17年,GPS状态:2,卫星数量:08个,海拔高度:1057米,
北纬4047.719,东经11141.695,速率:000.0节,地面航向:347.2度,UTC时间:01时36分24秒,UTC日期:10日05月17年,GPS状态:2,卫星数量:09个,海拔高度:1057米,
北纬4047.719,东经11141.695,速率:000.0节,地面航向:347.2度,UTC时间:01时36分25秒,UTC日期:10日05月17年,GPS状态:2,卫星数量:08个,海拔高度:1057米,
北纬4047.719,东经11141.695,速率:000.0节,地面航向:347.2度,UTC时间:01时36分26秒,UTC日期:10日05月17年,GPS状态:2,卫星数量:09个,海拔高度:1057米,
北纬4047.719,东经11141.695,速率:000.0节,地面航向:347.2度,UTC时间:01时36分27秒,UTC日期:10日05月17年,GPS状态:2,卫星数量:09个,海拔高度:1057米,
北纬4047.719,东经11141.695,速率:000.0节,地面航向:347.2度,UTC时间:01时36分28秒,UTC日期:10日05月17年,GPS状态:2,卫星数量:09个,海拔高度:1057米,
北纬4047.719,东经11141.695,速率:000.0节,地面航向:347.2度,UTC时间:01时36分29秒,UTC日期:10日05月17年,GPS状态:2,卫星数量:09个,海拔高度:1057米,
北纬4047.719,东经11141.695,速率:000.0节,地面航向:347.2度,UTC时间:01时36分30秒,UTC日期:10日05月17年,GPS状态:2,卫星数量:10个,海拔高度:1057米,
北纬4047.719,东经11141.695,速率:000.0节,地面航向:347.2度,UTC时间:01时36分31秒,UTC日期:10日05月17年,GPS状态:2,卫星数量:09个,海拔高度:1057米,
北纬4047.719,东经11141.695,速率:000.0节,地面航向:347.2度,UTC时间:01时36分32秒,UTC日期:10日05月17年,GPS状态:2,卫星数量:09个,海拔高度:1057米,
北纬4047.719,东经11141.695,速率:000.0节,地面航向:347.2度,UTC时间:01时36分33秒,UTC日期:10日05月17年,GPS状态:2,卫星数量:09个,海拔高度:1057米,
北纬4047.719,东经11141.695,速率:000.0节,地面航向:347.2度,UTC时间:01时36分34秒,UTC日期:10日05月17年,GPS状态:2,卫星数量:09个,海拔高度:1057米,
北纬4047.719,东经11141.695,速率:000.0节,地面航向:347.2度,UTC时间:01时36分35秒,UTC日期:10日05月17年,GPS状态:2,卫星数量:09个,海拔高度:1057米,
北纬4047.719,东经11141.695,速率:000.0节,地面航向:347.2度,UTC时间:01时36分36秒,UTC日期:10日05月17年,GPS状态:2,卫星数量:09个,海拔高度:1057米,
北纬4047.719,东经11141.695,速率:000.0节,地面航向:347.2度,UTC时间:01时36分37秒,UTC日期:10日05月17年,GPS状态:2,卫星数量:09个,海拔高度:1057米,
北纬4047.719,东经11141.695,速率:000.0节,地面航向:347.2度,UTC时间:01时36分38秒,UTC日期:10日05月17年,GPS状态:2,卫星数量:09个,海拔高度:1057米,
北纬4047.719,东经11141.695,速率:000.0节,地面航向:347.2度,UTC时间:01时36分39秒,UTC日期:10日05月17年,GPS状态:2,卫星数量:09个,海拔高度:1057米,
北纬4047.719,东经11141.695,速率:000.0节,地面航向:347.2度,UTC时间:01时36分40秒,UTC日期:10日05月17年,GPS状态:2,卫星数量:09个,海拔高度:1057米,
北纬4047.719,东经11141.695,速率:000.0节,地面航向:347.2度,UTC时间:01时36分41秒,UTC日期:10日05月17年,GPS状态:2,卫星数量:09个,海拔高度:1057米,
北纬4047.719,东经11141.695,速率:000.0节,地面航向:347.2度,UTC时间:01时36分42秒,UTC日期:10日05月17年,GPS状态:2,卫星数量:09个,海拔高度:1057米,
北纬4047.719,东经11141.695,速率:000.0节,地面航向:347.2度,UTC时间:01时36分43秒,UTC日期:10日05月17年,GPS状态:2,卫星数量:09个,海拔高度:1057米,
北纬4047.719,东经11141.695,速率:000.0节,地面航向:347.2度,UTC时间:01时36分44秒,UTC日期:10日05月17年,GPS状态:2,卫星数量:09个,海拔高度:1057米,
北纬4047.719,东经11141.695,速率:000.0节,地面航向:347.2度,UTC时间:01时36分45秒,UTC日期:10日05月17年,GPS状态:2,卫星数量:09个,海拔高度:1057米,
北纬4047.719,东经11141.695,速率:000.0节,地面航向:347.2度,UTC时间:01时36分46秒,UTC日期:10日05月17年,GPS状态:2,卫星数量:09个,海拔高度:1057米,
北纬4047.719,东经11141.695,速率:000.0节,地面航向:347.2度,UTC时间:01时36分47秒,UTC日期:10日05月17年,GPS状态:2,卫星数量:10个,海拔高度:1057米,
北纬4047.719,东经11141.695,速率:000.0节,地面航向:347.2度,UTC时间:01时36分48秒,UTC日期:10日05月17年,GPS状态:2,卫星数量:10个,海拔高度:1057米,
北纬4047.719,东经11141.695,速率:000.0节,地面航向:347.2度,UTC时间:01时36分49秒,UTC日期:10日05月17年,GPS状态:2,卫星数量:10个,海拔高度:1057米,
北纬4047.719,东经11141.695,速率:000.0节,地面航向:347.2度,UTC时间:01时36分50秒,UTC日期:10日05月17年,GPS状态:2,卫星数量:10个,海拔高度:1057米,
北纬4047.719,东经11141.695,速率:000.0节,地面航向:347.2度,UTC时间:01时36分51秒,UTC日期:10日05月17年,GPS状态:2,卫星数量:10个,海拔高度:1057米,
北纬4047.719,东经11141.695,速率:000.0节,地面航向:347.2度,UTC时间:01时36分52秒,UTC日期:10日05月17年,GPS状态:2,卫星数量:10个,海拔高度:1057米,
北纬4047.719,东经11141.695,速率:000.0节,地面航向:347.2度,UTC时间:01时36分53秒,UTC日期:10日05月17年,GPS状态:2,卫星数量:10个,海拔高度:1057米,
北纬4047.719,东经11141.695,速率:000.0节,地面航向:347.2度,UTC时间:01时36分54秒,UTC日期:10日05月17年,GPS状态:2,卫星数量:10个,海拔高度:1057米,
北纬4047.719,东经11141.695,速率:000.0节,地面航向:347.2度,UTC时间:01时36分55秒,UTC日期:10日05月17年,GPS状态:2,卫星数量:10个,海拔高度:1057米,
北纬4047.719,东经11141.695,速率:000.0节,地面航向:347.2度,UTC时间:01时36分56秒,UTC日期:10日05月17年,GPS状态:2,卫星数量:10个,海拔高度:1057米,
北纬4047.719,东经11141.695,速率:000.0节,地面航向:347.2度,UTC时间:01时36分57秒,UTC日期:10日05月17年,GPS状态:2,卫星数量:10个,海拔高度:1057米,
北纬4047.719,东经11141.695,速率:000.0节,地面航向:347.2度,UTC时间:01时36分58秒,UTC日期:10日05月17年,GPS状态:2,卫星数量:10个,海拔高度:1057米,
北纬4047.719,东经11141.695,速率:000.0节,地面航向:347.2度,UTC时间:01时36分59秒,UTC日期:10日05月17年,GPS状态:2,卫星数量:10个,海拔高度:1057米,
北纬4047.719,东经11141.695,速率:000.0节,地面航向:347.2度,UTC时间:01时37分00秒,UTC日期:10日05月17年,GPS状态:2,卫星数量:10个,海拔高度:1057米,
北纬4047.719,东经11141.695,速率:000.0节,地面航向:347.2度,UTC时间:01时37分01秒,UTC日期:10日05月17年,GPS状态:2,卫星数量:10个,海拔高度:1057米,
北纬4047.719,东经11141.695,速率:000.0节,地面航向:347.2度,UTC时间:01时37分02秒,UTC日期:10日05月17年,GPS状态:2,卫星数量:10个,海拔高度:1057米,
北纬4047.719,东经11141.695,速率:000.0节,地面航向:347.2度,UTC时间:01时37分03秒,UTC日期:10日05月17年,GPS状态:2,卫星数量:10个,海拔高度:1057米,
北纬4047.719,东经11141.695,速率:000.0节,地面航向:347.2度,UTC时间:01时37分04秒,UTC日期:10日05月17年,GPS状态:2,卫星数量:10个,海拔高度:1057米,
北纬4047.722,东经11141.691,速率:003.5节,地面航向:343.1度,UTC时间:01时37分05秒,UTC日期:10日05月17年,GPS状态:2,卫星数量:09个,海拔高度:1053米,
北纬4047.724,东经11141.690,速率:007.8节,地面航向:342.6度,UTC时间:01时37分06秒,UTC日期:10日05月17年,GPS状态:2,卫星数量:10个,海拔高度:1053米,
北纬4047.726,东经11141.688,速率:011.0节,地面航向:339.3度,UTC时间:01时37分07秒,UTC日期:10日05月17年,GPS状态:2,卫星数量:10个,海拔高度:1054米,
北纬4047.730,东经11141.687,速率:013.0节,地面航向:340.1度,UTC时间:01时37分08秒,UTC日期:10日05月17年,GPS状态:2,卫星数量:10个,海拔高度:1054米,
北纬4047.733,东经11141.685,速率:014.8节,地面航向:339.4度,UTC时间:01时37分09秒,UTC日期:10日05月17年,GPS状态:2,卫星数量:10个,海拔高度:1054米,
北纬4047.737,东经11141.682,速率:015.9节,地面航向:338.5度,UTC时间:01时37分10秒,UTC日期:10日05月17年,GPS状态:2,卫星数量:10个,海拔高度:1054米,
北纬4047.742,东经11141.680,速率:016.0节,地面航向:337.7度,UTC时间:01时37分11秒,UTC日期:10日05月17年,GPS状态:2,卫星数量:10个,海拔高度:1054米,
北纬4047.746,东经11141.678,速率:016.2节,地面航向:338.3度,UTC时间:01时37分12秒,UTC日期:10日05月17年,GPS状态:2,卫星数量:10个,海拔高度:1054米,
北纬4047.750,东经11141.676,速率:017.8节,地面航向:338.1度,UTC时间:01时37分13秒,UTC日期:10日05月17年,GPS状态:2,卫星数量:10个,海拔高度:1055米,
北纬4047.755,东经11141.673,速率:018.1节,地面航向:338.6度,UTC时间:01时37分14秒,UTC日期:10日05月17年,GPS状态:2,卫星数量:10个,海拔高度:1055米,
北纬4047.760,东经11141.670,速率:019.6节,地面航向:338.8度,UTC时间:01时37分15秒,UTC日期:10日05月17年,GPS状态:2,卫星数量:09个,海拔高度:1056米,
北纬4047.765,东经11141.668,速率:020.3节,地面航向:338.1度,UTC时间:01时37分16秒,UTC日期:10日05月17年,GPS状态:2,卫星数量:10个,海拔高度:1056米,
北纬4047.770,东经11141.665,速率:020.1节,地面航向:338.9度,UTC时间:01时37分17秒,UTC日期:10日05月17年,GPS状态:2,卫星数量:09个,海拔高度:1056米,
北纬4047.776,东经11141.663,速率:020.0节,地面航向:340.1度,UTC时间:01时37分18秒,UTC日期:10日05月17年,GPS状态:2,卫星数量:09个,海拔高度:1056米,
北纬4047.781,东经11141.660,速率:020.8节,地面航向:341.3度,UTC时间:01时37分19秒,UTC日期:10日05月17年,GPS状态:2,卫星数量:09个,海拔高度:1057米,
北纬4047.787,东经11141.658,速率:021.8节,地面航向:342.9度,UTC时间:01时37分20秒,UTC日期:10日05月17年,GPS状态:2,卫星数量:10个,海拔高度:1057米,
北纬4047.793,东经11141.656,速率:022.9节,地面航向:344.0度,UTC时间:01时37分21秒,UTC日期:10日05月17年,GPS状态:2,卫星数量:10个,海拔高度:1057米,
北纬4047.800,东经11141.653,速率:023.5节,地面航向:343.0度,UTC时间:01时37分22秒,UTC日期:10日05月17年,GPS状态:2,卫星数量:10个,海拔高度:1058米,
北纬4047.806,东经11141.650,速率:023.8节,地面航向:343.2度,UTC时间:01时37分23秒,UTC日期:10日05月17年,GPS状态:2,卫星数量:10个,海拔高度:1059米,
北纬4047.813,东经11141.648,速率:023.1节,地面航向:343.9度,UTC时间:01时37分24秒,UTC日期:10日05月17年,GPS状态:2,卫星数量:09个,海拔高度:1059米,
北纬4047.818,东经11141.646,速率:020.1节,地面航向:345.0度,UTC时间:01时37分25秒,UTC日期:10日05月17年,GPS状态:2,卫星数量:10个,海拔高度:1060米,
北纬4047.823,东经11141.645,速率:015.3节,地面航向:346.2度,UTC时间:01时37分26秒,UTC日期:10日05月17年,GPS状态:2,卫星数量:09个,海拔高度:1060米,
北纬4047.827,东经11141.644,速率:012.5节,地面航向:346.7度,UTC时间:01时37分27秒,UTC日期:10日05月17年,GPS状态:2,卫星数量:10个,海拔高度:1060米,
北纬4047.830,东经11141.642,速率:010.5节,地面航向:345.8度,UTC时间:01时37分28秒,UTC日期:10日05月17年,GPS状态:2,卫星数量:10个,海拔高度:1060米,
北纬4047.832,东经11141.641,速率:008.3节,地面航向:344.2度,UTC时间:01时37分29秒,UTC日期:10日05月17年,GPS状态:2,卫星数量:10个,海拔高度:1060米,
北纬4047.834,东经11141.640,速率:006.9节,地面航向:342.0度,UTC时间:01时37分30秒,UTC日期:10日05月17年,GPS状态:2,卫星数量:10个,海拔高度:1060米,
北纬4047.836,东经11141.639,速率:006.6节,地面航向:339.9度,UTC时间:01时37分31秒,UTC日期:10日05月17年,GPS状态:2,卫星数量:09个,海拔高度:1061米,
北纬4047.838,东经11141.638,速率:008.6节,地面航向:337.9度,UTC时间:01时37分32秒,UTC日期:10日05月17年,GPS状态:2,卫星数量:10个,海拔高度:1061米,
北纬4047.840,东经11141.637,速率:011.8节,地面航向:337.2度,UTC时间:01时37分33秒,UTC日期:10日05月17年,GPS状态:2,卫星数量:09个,海拔高度:1061米,
北纬4047.844,东经11141.635,速率:014.5节,地面航向:337.4度,UTC时间:01时37分34秒,UTC日期:10日05月17年,GPS状态:2,卫星数量:10个,海拔高度:1061米,
北纬4047.848,东经11141.633,速率:015.4节,地面航向:338.2度,UTC时间:01时37分35秒,UTC日期:10日05月17年,GPS状态:2,卫星数量:09个,海拔高度:1061米,
北纬4047.853,东经11141.630,速率:017.5节,地面航向:339.2度,UTC时间:01时37分36秒,UTC日期:10日05月17年,GPS状态:2,卫星数量:09个,海拔高度:1061米,
北纬4047.857,东经11141.628,速率:018.4节,地面航向:339.8度,UTC时间:01时37分37秒,UTC日期:10日05月17年,GPS状态:2,卫星数量:09个,海拔高度:1061米,
北纬4047.862,东经11141.626,速率:018.4节,地面航向:340.5度,UTC时间:01时37分38秒,UTC日期:10日05月17年,GPS状态:2,卫星数量:09个,海拔高度:1061米,
北纬4047.867,东经11141.623,速率:019.0节,地面航向:341.4度,UTC时间:01时37分39秒,UTC日期:10日05月17年,GPS状态:2,卫星数量:09个,海拔高度:1061米,
北纬4047.873,东经11141.621,速率:018.7节,地面航向:342.5度,UTC时间:01时37分40秒,UTC日期:10日05月17年,GPS状态:2,卫星数量:09个,海拔高度:1062米,
北纬4047.878,东经11141.619,速率:018.7节,地面航向:343.4度,UTC时间:01时37分41秒,UTC日期:10日05月17年,GPS状态:2,卫星数量:09个,海拔高度:1062米,
北纬4047.883,东经11141.617,速率:019.3节,地面航向:343.7度,UTC时间:01时37分42秒,UTC日期:10日05月17年,GPS状态:2,卫星数量:10个,海拔高度:1062米,
北纬4047.889,东经11141.615,速率:019.8节,地面航向:343.1度,UTC时间:01时37分43秒,UTC日期:10日05月17年,GPS状态:2,卫星数量:10个,海拔高度:1062米,
北纬4047.894,东经11141.612,速率:019.5节,地面航向:341.8度,UTC时间:01时37分44秒,UTC日期:10日05月17年,GPS状态:2,卫星数量:10个,海拔高度:1062米,
北纬4047.899,东经11141.610,速率:019.0节,地面航向:340.4度,UTC时间:01时37分45秒,UTC日期:10日05月17年,GPS状态:2,卫星数量:09个,海拔高度:1062米,
北纬4047.904,东经11141.607,速率:018.7节,地面航向:339.8度,UTC时间:01时37分46秒,UTC日期:10日05月17年,GPS状态:2,卫星数量:10个,海拔高度:1062米,
北纬4047.909,东经11141.605,速率:019.0节,地面航向:339.3度,UTC时间:01时37分47秒,UTC日期:10日05月17年,GPS状态:2,卫星数量:10个,海拔高度:1062米,
北纬4047.914,东经11141.603,速率:017.5节,地面航向:339.9度,UTC时间:01时37分48秒,UTC日期:10日05月17年,GPS状态:2,卫星数量:10个,海拔高度:1062米,
北纬4047.919,东经11141.601,速率:016.6节,地面航向:340.6度,UTC时间:01时37分49秒,UTC日期:10日05月17年,GPS状态:2,卫星数量:10个,海拔高度:1062米,
北纬4047.923,东经11141.599,速率:015.5节,地面航向:340.9度,UTC时间:01时37分50秒,UTC日期:10日05月17年,GPS状态:2,卫星数量:10个,海拔高度:1063米,
北纬4047.927,东经11141.597,速率:014.4节,地面航向:340.9度,UTC时间:01时37分51秒,UTC日期:10日05月17年,GPS状态:2,卫星数量:10个,海拔高度:1063米,
北纬4047.930,东经11141.594,速率:013.3节,地面航向:340.4度,UTC时间:01时37分52秒,UTC日期:10日05月17年,GPS状态:2,卫星数量:09个,海拔高度:1064米,
北纬4047.934,东经11141.593,速率:012.3节,地面航向:339.6度,UTC时间:01时37分53秒,UTC日期:10日05月17年,GPS状态:2,卫星数量:09个,海拔高度:1064米,
北纬4047.937,东经11141.591,速率:011.1节,地面航向:339.0度,UTC时间:01时37分54秒,UTC日期:10日05月17年,GPS状态:2,卫星数量:09个,海拔高度:1064米,
北纬4047.939,东经11141.590,速率:009.8节,地面航向:338.7度,UTC时间:01时37分55秒,UTC日期:10日05月17年,GPS状态:2,卫星数量:09个,海拔高度:1064米,
北纬4047.942,东经11141.589,速率:009.5节,地面航向:338.4度,UTC时间:01时37分56秒,UTC日期:10日05月17年,GPS状态:2,卫星数量:09个,海拔高度:1063米,
北纬4047.945,东经11141.587,速率:010.2节,地面航向:344.7度,UTC时间:01时37分57秒,UTC日期:10日05月17年,GPS状态:2,卫星数量:09个,海拔高度:1063米,
北纬4047.947,东经11141.587,速率:010.0节,地面航向:344.9度,UTC时间:01时37分58秒,UTC日期:10日05月17年,GPS状态:2,卫星数量:10个,海拔高度:1063米,
北纬4047.950,东经11141.586,速率:008.6节,地面航向:347.4度,UTC时间:01时37分59秒,UTC日期:10日05月17年,GPS状态:2,卫星数